{"cameraMode":{"drawMode":0,"name":"Shaded","section":"Shading Mode"},"sceneLighting":true,"audioPlay":false,"sceneViewState":{"m_AlwaysRefresh":false,"showFog":true,"showSkybox":true,"showFlares":true,"showImageEffects":true,"showParticleSystems":true,"showVisualEffectGraphs":true,"m_FxEnabled":true},"in2DMode":false,"pivot":{"x":-0.03558230400085449,"y":0.07730579376220703,"z":-0.017281293869018556},"rotation":{"x":-0.08411862701177597,"y":0.9008869528770447,"z":-0.2022218406200409,"w":-0.374743789434433},"size":63.96151351928711,"orthographic":false}